epoch,boundary_boundary_f1,boundary_loss,center_loss,learning_rate,loss,offset_loss,semantic_foreground_miou,semantic_loss,semantic_mean_iou,semantic_pixel_accuracy,val_boundary_boundary_f1,val_boundary_loss,val_center_loss,val_instance_checkpoint_semantic_miou,val_instance_f1,val_instance_mask_map50,val_instance_mask_map50_95,val_instance_precision,val_instance_recall,val_instance_selection_score,val_loss,val_offset_loss,val_semantic_foreground_miou,val_semantic_loss,val_semantic_mean_iou,val_semantic_pixel_accuracy
0,0.41923922300338745,0.4951971173286438,3.1246490478515625,4.999999873689376e-05,1.7193470001220703,0.05743305757641792,0.12444709241390228,0.7321923971176147,0.2630752623081207,0.7749069929122925,0.48127052187919617,0.4504550099372864,2.64686918258667,0.14758206995374584,0.028968735417638825,0.013394367021158374,0.004258156534067207,0.018378173550587344,0.06836402079111972,0.004258156534067207,1.4999680519104004,0.03711751848459244,0.14835608005523682,0.6659958958625793,0.28622308373451233,0.8028814792633057
1,0.6115552186965942,0.41114628314971924,2.020559549331665,9.999999747378752e-05,1.2341762781143188,0.033226314932107925,0.26964160799980164,0.5724644660949707,0.3928624391555786,0.8444504141807556,0.6292927861213684,0.3995353579521179,1.568033218383789,1.024824857711792,0.018554840236902237,0.3569774031639099,0.49440136551856995,0.4663744866847992,0.8826825022697449
2,0.71905517578125,0.35352516174316406,1.4594329595565796,0.0001500000071246177,0.9282819032669067,0.024676578119397163,0.45854997634887695,0.432689368724823,0.5508166551589966,0.8974072337150574,0.7504028081893921,0.3387911021709442,1.0583809614181519,0.7391539216041565,0.012274556793272495,0.5030801892280579,0.3606472909450531,0.5899918079376221,0.9247967600822449
3,0.7708884477615356,0.31839480996131897,1.1748878955841064,0.00019999999494757503,0.7552711367607117,0.02048734575510025,0.5749486684799194,0.3455439805984497,0.6472975611686707,0.9250158667564392,0.8118369579315186,0.2974826991558075,0.769145667552948,0.5568830370903015,0.009593639522790909,0.6511982679367065,0.26575833559036255,0.7118170857429504,0.9508824348449707
4,0.7963196635246277,0.2978425621986389,1.0001945495605469,0.0002500000118743628,0.6585917472839355,0.017957186326384544,0.6299108862876892,0.30123329162597656,0.6928419470787048,0.9365273118019104,0.8438143134117126,0.26927968859672546,0.6178247928619385,0.4603685438632965,0.007865367457270622,0.7252682447433472,0.21726280450820923,0.7725083827972412,0.9610922336578369
5,0.8134061098098755,0.28265196084976196,0.9055737853050232,0.0003000000142492354,0.6003777980804443,0.01591487042605877,0.6660509705543518,0.2732735574245453,0.7226201295852661,0.9433522820472717,0.8654332756996155,0.2487127035856247,0.47778916358947754,0.39236459136009216,0.006711209658533335,0.768524169921875,0.19159236550331116,0.8081377148628235,0.9672403335571289
6,0.8310294151306152,0.26647865772247314,0.7910740375518799,0.0003000000142492354,0.5282590389251709,0.013782874681055546,0.7205104231834412,0.23676440119743347,0.7678000926971436,0.9537171721458435,0.8839796781539917,0.23206038773059845,0.41416507959365845,0.349309504032135,0.005777185782790184,0.8234953880310059,0.17037270963191986,0.8529407382011414,0.9725379347801208
7,0.8433789610862732,0.2559894919395447,0.68607097864151,0.0002999422140419483,0.4726622998714447,0.012591294944286346,0.7532461881637573,0.21175654232501984,0.7946158647537231,0.9585792422294617,0.894939661026001,0.22212430834770203,0.38984644412994385,0.3273605704307556,0.005238302052021027,0.8400659561157227,0.15802328288555145,0.8667076826095581,0.9750250577926636
8,0.8527350425720215,0.24753884971141815,0.6484434008598328,0.0002997689589392394,0.4501519501209259,0.011571913957595825,0.7663108110427856,0.20220720767974854,0.8055650591850281,0.9613308310508728,0.9049451351165771,0.2124144732952118,0.36575618386268616,0.30927398800849915,0.004752566572278738,0.8432399034500122,0.14935797452926636,0.8695147633552551,0.9761762619018555
9,0.860672652721405,0.24049770832061768,0.6040138602256775,0.0002994803071487695,0.42674461007118225,0.011172319762408733,0.775619387626648,0.1924191415309906,0.8134285807609558,0.963250458240509,0.9112523198127747,0.20708483457565308,0.34923720359802246,0.2994372546672821,0.00450541265308857,0.8328325152397156,0.14549721777439117,0.8614909052848816,0.9768602848052979
10,0.8683390617370605,0.23367726802825928,0.5627672672271729,0.0002990765206050128,0.3978644907474518,0.01019020564854145,0.800862193107605,0.17687933146953583,0.8340905904769897,0.9669030904769897,0.917328417301178,0.20159730315208435,0.3315907418727875,0.28214403986930847,0.004213040694594383,0.8621159195899963,0.13455398380756378,0.8852289319038391,0.9792641401290894
11,0.8723931908607483,0.2300126850605011,0.5450595021247864,0.0002985578903462738,0.386116623878479,0.009894655086100101,0.7993370294570923,0.1709534376859665,0.8330211639404297,0.9672075510025024,0.9200134873390198,0.20025309920310974,0.3181682527065277,0.27732613682746887,0.004020872991532087,0.8546032905578613,0.13368725776672363,0.8792535066604614,0.9790639877319336
12,0.8768361210823059,0.22557175159454346,0.5112218856811523,0.00029792485293000937,0.3678494393825531,0.009651326574385166,0.8091690540313721,0.16272135078907013,0.8409380912780762,0.9681641459465027,0.9231624007225037,0.19587936997413635,0.30633944272994995,0.26968929171562195,0.0039610532112419605,0.8400903344154358,0.13037951290607452,0.8675333857536316,0.9781804084777832
13,0.8799758553504944,0.22125528752803802,0.49391233921051025,0.0002971778449136764,0.3566347062587738,0.008904222398996353,0.8227492570877075,0.1578754484653473,0.8522259593009949,0.9705161452293396,0.923050582408905,0.196537584066391,0.2939259111881256,0.2645585834980011,0.0037176324985921383,0.8669043779373169,0.12839820981025696,0.8891597986221313,0.9798576831817627
14,0.8838604688644409,0.21791154146194458,0.4652427136898041,0.0002963175065815449,0.33805522322654724,0.0086137093603611,0.8286999464035034,0.14775696396827698,0.8572134971618652,0.9716829061508179,0.927028477191925,0.191462442278862,0.26991039514541626,0.25151512026786804,0.0036137313582003117,0.8686749935150146,0.12298501282930374,0.8907737731933594,0.9807430505752563
15,0.8859251737594604,0.2160397320985794,0.45926904678344727,0.00029534444911405444,0.33428600430488586,0.008344711735844612,0.8341755867004395,0.14631198346614838,0.8616013526916504,0.9721054434776306,0.928029477596283,0.19181528687477112,0.2608349621295929,0.24971148371696472,0.003557346062734723,0.8682664632797241,0.12340082973241806,0.8904151916503906,0.9805395603179932
16,0.8891842365264893,0.21306651830673218,0.4386023283004761,0.00029425942921079695,0.32527652382850647,0.00811331532895565,0.8318675756454468,0.14359275996685028,0.8598318099975586,0.9722370505332947,0.9303866624832153,0.18804709613323212,0.26988402009010315,0.2468326985836029,0.0034261031541973352,0.8763914108276367,0.11952143907546997,0.8971432447433472,0.9816645383834839
17,0.891177773475647,0.21085427701473236,0.4339061975479126,0.0002930633199866861,0.3172246217727661,0.008167793042957783,0.8449872732162476,0.1373233199119568,0.8704937696456909,0.9736928939819336,0.9330138564109802,0.1856517493724823,0.24656711518764496,0.23812289535999298,0.0032858657650649548,0.8717778921127319,0.11749957501888275,0.8934933543205261,0.9816079139709473
18,0.893103837966919,0.20848529040813446,0.41617459058761597,0.0002917570236604661,0.30819135904312134,0.007726201321929693,0.8521002531051636,0.13387568295001984,0.8762761950492859,0.9744753241539001,0.9333203434944153,0.18516762554645538,0.23380418121814728,0.23529796302318573,0.003169585019350052,0.8789467215538025,0.11812710016965866,0.8991937637329102,0.9817134737968445
19,0.8950431942939758,0.2059345543384552,0.3943887948989868,0.0002903415297623724,0.30064064264297485,0.007587225642055273,0.8503546118736267,0.13267585635185242,0.8750848770141602,0.9750186800956726,0.9340359568595886,0.1833227127790451,0.2362172156572342,0.23129256069660187,0.003130268305540085,0.8826476335525513,0.11411109566688538,0.902220606803894,0.9821757674217224
20,0.8952175378799438,0.20548896491527557,0.3889370858669281,0.0002888179733417928,0.295596718788147,0.0073417779058218,0.851067304611206,0.12937359511852264,0.8755653500556946,0.9746462106704712,0.933495283126831,0.1840183287858963,0.23241645097732544,0.2324417680501938,0.0030425353907048702,0.8799309134483337,0.11608965694904327,0.9000094532966614,0.9818357229232788
21,0.8975319266319275,0.20317675173282623,0.37925946712493896,0.0002871875185519457,0.2925640046596527,0.007178816944360733,0.8469624519348145,0.12961745262145996,0.8723582029342651,0.9748656153678894,0.9350770711898804,0.18399526178836823,0.2222200334072113,0.22695502638816833,0.002923325402662158,0.883135974407196,0.11327807605266571,0.9027543067932129,0.9826761484146118
22,0.8994388580322266,0.20153260231018066,0.3791816532611847,0.0002854514168575406,0.28736984729766846,0.007189448922872543,0.8539454340934753,0.12492483854293823,0.8781111836433411,0.9756742119789124,0.9367048740386963,0.1808588206768036,0.2265079766511917,0.22483311593532562,0.0028580385260283947,0.8869829773902893,0.11109058558940887,0.9058683514595032,0.983055055141449
23,0.9025402665138245,0.19831645488739014,0.3559843599796295,0.0002836110070347786,0.2751483619213104,0.006686841137707233,0.8638207912445068,0.11996997147798538,0.8861387968063354,0.9768955111503601,0.936866819858551,0.18130356073379517,0.22128510475158691,0.2257820963859558,0.002753803739324212,0.8804466128349304,0.11331576853990555,0.9006525874137878,0.9830211400985718
24,0.9025067090988159,0.19780869781970978,0.35197165608406067,0.00028166771517135203,0.2751438319683075,0.006700718309730291,0.8565624356269836,0.1211080327630043,0.8803537487983704,0.9763181209564209,0.9383893013000488,0.17922642827033997,0.21148645877838135,0.2188102751970291,0.0027834931388497353,0.8884704113006592,0.10938721150159836,0.9071786999702454,0.9836054444313049
25,0.9037580490112305,0.1965496689081192,0.3539139926433563,0.00027962305466644466,0.2716743052005768,0.006679829675704241,0.8661817908287048,0.11755136400461197,0.8880518078804016,0.9770392775535583,0.9379315972328186,0.18033534288406372,0.2159963697195053,0.22413335740566254,0.0027245478704571724,0.8787520527839661,0.11330895870923996,0.8993965983390808,0.9830973148345947
26,0.9034274816513062,0.19539397954940796,0.3420860171318054,0.00027747859712690115,0.2635582983493805,0.006586471572518349,0.8686120510101318,0.11283192783594131,0.8900684118270874,0.9773560762405396,0.9390297532081604,0.1773739755153656,0.20583924651145935,0.21600984036922455,0.002703780774027109,0.8852887749671936,0.10863397270441055,0.9046745300292969,0.9835241436958313
27,0.9057052135467529,0.19452689588069916,0.3317647874355316,0.0002752359723672271,0.26060476899147034,0.0063072750344872475,0.8690526485443115,0.11299818009138107,0.8904767036437988,0.9776479005813599,0.9392202496528625,0.17806273698806763,0.20829930901527405,0.217513769865036,0.0026262355968356133,0.8903449773788452,0.10939398407936096,0.9087740182876587,0.9838471412658691
28,0.9061339497566223,0.19345146417617798,0.32853275537490845,0.00027289698482491076,0.26129767298698425,0.006190876476466656,0.8651443123817444,0.11493843048810959,0.8874038457870483,0.9775846600532532,0.9394810795783997,0.17770032584667206,0.20844128727912903,0.21773944795131683,0.002554619451984763,0.8918646574020386,0.10976441204547882,0.9100521206855774,0.9841923713684082
29,0.9079629778862,0.19245916604995728,0.3112584948539734,0.00027046335162594914,0.24717456102371216,0.00602703308686614,0.8759620189666748,0.10559502989053726,0.8961914777755737,0.9786752462387085,0.9391632676124573,0.1781761646270752,0.21048177778720856,0.21725167334079742,0.0025425804778933525,0.8883235454559326,0.10863575339317322,0.9072586297988892,0.984164297580719
30,0.909054696559906,0.1908523589372635,0.3107451796531677,0.0002679370518308133,0.246322900056839,0.005927317775785923,0.8792821764945984,0.10545342415571213,0.8988550305366516,0.9789616465568542,0.9405583739280701,0.17706327140331268,0.21485374867916107,0.21693381667137146,0.0024778004735708237,0.8957836627960205,0.10762358456850052,0.9132298231124878,0.9844442009925842
31,0.9105063080787659,0.1887194812297821,0.3069463074207306,0.0002653199480846524,0.24444250762462616,0.005972621031105518,0.8772532939910889,0.10511726140975952,0.8973660469055176,0.9791396260261536,0.9408414363861084,0.17702379822731018,0.21691463887691498,0.21678397059440613,0.0024836661759763956,0.8903205394744873,0.10696448385715485,0.9088376760482788,0.9842565655708313
32,0.9099683165550232,0.18878141045570374,0.30792751908302307,0.000262614106759429,0.24397246539592743,0.005941038951277733,0.8803712129592896,0.10441529005765915,0.8998017311096191,0.9791885018348694,0.9417102336883545,0.17564985156059265,0.21038246154785156,0.21556146442890167,0.0024301328230649233,0.8829612731933594,0.10784059762954712,0.9029415249824524,0.9839847683906555
33,0.9122757911682129,0.18689994513988495,0.2959986627101898,0.00025982162333093584,0.23837335407733917,0.005771451164036989,0.8815438151359558,0.10253209620714188,0.9008173942565918,0.9795580506324768,0.9423248767852783,0.17481903731822968,0.20330119132995605,0.2108118236064911,0.0024298131465911865,0.8883142471313477,0.10511104762554169,0.9072952270507812,0.9843389987945557
34,0.913501501083374,0.18588164448738098,0.2814059257507324,0.0002569446514826268,0.2294893115758896,0.005722128786146641,0.8871839046478271,0.09765151143074036,0.9053694009780884,0.9799705743789673,0.9422823786735535,0.17453676462173462,0.20572605729103088,0.2131829559803009,0.0024320336524397135,0.8841349482536316,0.10695837438106537,0.9039837121963501,0.9843391180038452
35,0.9120829105377197,0.18602165579795837,0.30087631940841675,0.00025398540310561657,0.23893709480762482,0.005748461466282606,0.8809438943862915,0.10216287523508072,0.9002674221992493,0.9791721701622009,0.9437239766120911,0.17285756766796112,0.23156440258026123,0.21813054382801056,0.002332520904019475,0.8947064876556396,0.10604964941740036,0.9123719930648804,0.9844509363174438
36,0.9160265326499939,0.1826719492673874,0.2639974057674408,0.00025094617740251124,0.21932148933410645,0.005313617642968893,0.8896732926368713,0.09320714324712753,0.9075433611869812,0.9807881116867065,0.9445266127586365,0.17106223106384277,0.2305273711681366,0.2158716917037964,0.0022745023015886545,0.8937864899635315,0.10464658588171005,0.9117131233215332,0.9847628474235535
37,0.914422869682312,0.18445676565170288,0.2731481194496155,0.00024782930267974734,0.2281450778245926,0.005435095634311438,0.8840466737747192,0.09908589720726013,0.9028726816177368,0.9798888564109802,0.9443984031677246,0.17227746546268463,0.24058327078819275,0.21716473996639252,0.002226951066404581,0.8992339968681335,0.1031087189912796,0.9161200523376465,0.9849843978881836
38,0.9159564971923828,0.18277141451835632,0.26473498344421387,0.00024463722365908325,0.21858742833137512,0.0052015637047588825,0.89274001121521,0.09237081557512283,0.9099346399307251,0.9807440042495728,0.9441725611686707,0.17355279624462128,0.20999203622341156,0.21270954608917236,0.002156134694814682,0.8964443206787109,0.10598958283662796,0.913794219493866,0.984570324420929
39,0.916674017906189,0.18149824440479279,0.261507511138916,0.00024137238506227732,0.2202020138502121,0.005262147635221481,0.8885027170181274,0.09511364996433258,0.906629741191864,0.9806957840919495,0.9434512257575989,0.17428193986415863,0.20406553149223328,0.21361176669597626,0.0021831837948411703,0.8915331959724426,0.10812748223543167,0.9097486734390259,0.9839333295822144
40,0.9189223051071167,0.17972932755947113,0.2501213252544403,0.00023803730437066406,0.21041500568389893,0.005077675450593233,0.8986601233482361,0.08888811618089676,0.9148133993148804,0.9816528558731079,0.9435411691665649,0.1736585646867752,0.2219022512435913,0.21788948774337769,0.00217648409307003,0.8923554420471191,0.10813993960618973,0.9103689193725586,0.9837718605995178
41,0.918472409248352,0.18014459311962128,0.2650657892227173,0.00023463457182515413,0.21731889247894287,0.005166579503566027,0.8925367593765259,0.0918426588177681,0.9098645448684692,0.9810655117034912,0.9442188143730164,0.1724747270345688,0.20695261657238007,0.2072887420654297,0.0022172776516526937,0.8967529535293579,0.10159075260162354,0.914074718952179,0.9846354722976685
42,0.9199919104576111,0.17851154506206512,0.24962173402309418,0.00023116680677048862,0.20845463871955872,0.004967621993273497,0.8960467576980591,0.08752817660570145,0.9127694964408875,0.9815187454223633,0.9444274306297302,0.1727360486984253,0.2069847732782364,0.20919862389564514,0.0021788880694657564,0.8998268842697144,0.10345277935266495,0.9165631532669067,0.9848162531852722
43,0.9200972318649292,0.17843672633171082,0.24994362890720367,0.0002276367013109848,0.2120928168296814,0.005051600746810436,0.8955684900283813,0.09102411568164825,0.9123746752738953,0.9815363883972168,0.9439383149147034,0.1739751696586609,0.2186947762966156,0.2169899344444275,0.0021308206487447023,0.8946337699890137,0.10799281299114227,0.9123913049697876,0.9845708012580872
44,0.920223593711853,0.1774691790342331,0.24956341087818146,0.00022404697665479034,0.21160437166690826,0.0049866666086018085,0.8935283422470093,0.09098596125841141,0.9107559323310852,0.9813962578773499,0.944927990436554,0.17265908420085907,0.20538006722927094,0.2091783881187439,0.0021227027755230665,0.8992945551872253,0.10391295701265335,0.9161573648452759,0.9848743677139282
45,0.9215808510780334,0.17726750671863556,0.24292312562465668,0.00022040039766579866,0.20601852238178253,0.00486304797232151,0.9001718163490295,0.08724450320005417,0.916106104850769,0.9819139838218689,0.9444445371627808,0.17250439524650574,0.20902562141418457,0.20882005989551544,0.0020842873491346836,0.8940417766571045,0.10272789001464844,0.9119886159896851,0.9849002957344055
46,0.9214387536048889,0.17647556960582733,0.23689395189285278,0.0002166998019674793,0.20567305386066437,0.004867817275226116,0.898145318031311,0.08863929659128189,0.9144256711006165,0.9816529154777527,0.9452301859855652,0.17183910310268402,0.2348930537700653,0.2156994789838791,0.002074603457003832,0.8986634016036987,0.10334983468055725,0.9156794548034668,0.984960675239563
47,0.9226853251457214,0.1750699281692505,0.2309325635433197,0.0002129480562871322,0.2006751000881195,0.004659310448914766,0.9016841053962708,0.08576152473688126,0.9174264073371887,0.9824054837226868,0.9456860423088074,0.17143994569778442,0.21568138897418976,0.2138679027557373,0.002065200824290514,0.8970470428466797,0.10645022243261337,0.914378821849823,0.9848285913467407
48,0.9234595894813538,0.17418767511844635,0.22870546579360962,0.0002091480273520574,0.19936059415340424,0.0047551728785037994,0.9001674056053162,0.08517272025346756,0.9162102937698364,0.9823050498962402,0.9466981887817383,0.17034576833248138,0.2128644585609436,0.21093879640102386,0.002051306888461113,0.8995782136917114,0.10456770658493042,0.916417121887207,0.9850525856018066
49,0.9241809248924255,0.17399442195892334,0.2246888279914856,0.00020530266920104623,0.1972743570804596,0.004669546615332365,0.8984781503677368,0.08423423767089844,0.9147995710372925,0.9820244908332825,0.947277307510376,0.1692999005317688,0.19527697563171387,0.20120055973529816,0.001984428381547332,0.904430091381073,0.09960691630840302,0.920396625995636,0.9856199026107788
50,0.9248925447463989,0.17255331575870514,0.22120913863182068,0.0002014149649767205,0.19419437646865845,0.0045317551121115685,0.9043654203414917,0.08259449154138565,0.9196283221244812,0.9826778173446655,0.9474750757217407,0.16951605677604675,0.22398163378238678,0.21026228368282318,0.001998133258894086,0.9010716676712036,0.10141386091709137,0.9176656007766724,0.9853079915046692
51,0.9259225130081177,0.17186813056468964,0.21774287521839142,0.0001974879123736173,0.1921985000371933,0.004514575004577637,0.9014315605163574,0.08168760687112808,0.9172854423522949,0.9825394749641418,0.9472448825836182,0.16911156475543976,0.20209015905857086,0.20342758297920227,0.0020073717460036278,0.9025939106941223,0.1001642495393753,0.9189201593399048,0.9855062365531921
52,0.9268693923950195,0.17052243649959564,0.21178492903709412,0.00019352453819010407,0.1876116842031479,0.004471946973353624,0.9083268642425537,0.07903683930635452,0.9229000806808472,0.9832489490509033,0.9479019641876221,0.16893672943115234,0.2077694684267044,0.20394623279571533,0.0019342367304489017,0.8996083736419678,0.09938859939575195,0.9164916276931763,0.9853668212890625
53,0.9274699687957764,0.1699160635471344,0.2091483473777771,0.0001895278983283788,0.1874319463968277,0.00445000221952796,0.9085039496421814,0.07972005009651184,0.9230331182479858,0.9832467436790466,0.9480458498001099,0.16819097101688385,0.20209693908691406,0.20299038290977478,0.0019775063265115023,0.8973076343536377,0.10003131628036499,0.9145430326461792,0.9848943948745728
54,0.9282670021057129,0.1691250205039978,0.21220508217811584,0.00018550110689830035,0.1878758817911148,0.004301020409911871,0.9085681438446045,0.07978601008653641,0.9231295585632324,0.9834203720092773,0.947760283946991,0.16980931162834167,0.1896054893732071,0.203143909573555,0.0018947373609989882,0.9004310369491577,0.1029050424695015,0.9170692563056946,0.9849827885627747
55,0.928735077381134,0.16850663721561432,0.2112654596567154,0.00018144726345781237,0.1867789477109909,0.0043662539683282375,0.9069468975067139,0.07904442399740219,0.9218262434005737,0.9832895994186401,0.947230339050293,0.169701486825943,0.20045113563537598,0.2044321745634079,0.0019366333726793528,0.9013528823852539,0.10147219151258469,0.9179126620292664,0.9853774309158325
56,0.9306696653366089,0.16682946681976318,0.19674564898014069,0.00017736949666868895,0.1798166185617447,0.004215391818434,0.9124391078948975,0.0763658657670021,0.9262949228286743,0.9838418364524841,0.9468612670898438,0.1711425632238388,0.2144741266965866,0.20967727899551392,0.0018769772723317146,0.8985223770141602,0.10283900052309036,0.9155653119087219,0.9850806593894958
57,0.9296887516975403,0.16736528277397156,0.20320460200309753,0.00017327097884844989,0.18322472274303436,0.0041741575114429,0.9084988832473755,0.07803965359926224,0.9231032133102417,0.9835091233253479,0.9475053548812866,0.17028333246707916,0.2005108892917633,0.2050124555826187,0.0018465931061655283,0.9024425745010376,0.10195327550172806,0.9187801480293274,0.9852957725524902
58,0.9299314022064209,0.16670720279216766,0.20824554562568665,0.00016915483865886927,0.18381580710411072,0.0042508672922849655,0.9095435738563538,0.07749147713184357,0.9239405393600464,0.9835338592529297,0.9479348063468933,0.16912983357906342,0.19359402358531952,0.20027855038642883,0.001892687170766294,0.9024432897567749,0.09924841672182083,0.9187938570976257,0.9854301810264587
59,0.9313624501228333,0.1657065749168396,0.1922910213470459,0.00016502429207321256,0.1756802350282669,0.0041620307601988316,0.9116222858428955,0.07373354583978653,0.9256477355957031,0.9838194251060486,0.94757080078125,0.17066797614097595,0.19547639787197113,0.20430095493793488,0.0018761841347441077,0.9024769067764282,0.10235530138015747,0.9188219904899597,0.9853790402412415
60,0.9316703081130981,0.16506698727607727,0.18769291043281555,0.0001608825259609148,0.17467211186885834,0.004002520814538002,0.9137029647827148,0.074226513504982,0.9273394346237183,0.9840086698532104,0.9478893280029297,0.16975755989551544,0.19756841659545898,0.20401522517204285,0.0018547697691246867,0.9011191129684448,0.10184119641780853,0.9176868200302124,0.9851544499397278
61,0.9318066239356995,0.16464963555335999,0.19308914244174957,0.00015673272719141096,0.17809180915355682,0.004061543382704258,0.9103869795799255,0.07636336982250214,0.924679160118103,0.9838811755180359,0.9491032958030701,0.16847087442874908,0.1987534612417221,0.20245233178138733,0.0018316321074962616,0.9011768102645874,0.10039108991622925,0.9176853895187378,0.9849779009819031
62,0.9327462911605835,0.16372090578079224,0.17958690226078033,0.00015257811173796654,0.17051634192466736,0.0038418627809733152,0.9155184030532837,0.07266169041395187,0.9288331866264343,0.9842879772186279,0.9491589069366455,0.16895072162151337,0.2169148325920105,0.20714770257472992,0.001833711052313447,0.9031399488449097,0.10040012001991272,0.9193621873855591,0.9854691028594971
63,0.9337972402572632,0.16265255212783813,0.18139295279979706,0.000148421895573847,0.1704137623310089,0.003916594665497541,0.9141779541969299,0.07235316187143326,0.9277609586715698,0.9842308163642883,0.9493747353553772,0.16728748381137848,0.18762783706188202,0.19767378270626068,0.001772531308233738,0.9044026732444763,0.09880807250738144,0.9203097224235535,0.9853107929229736
64,0.9339614510536194,0.1620226353406906,0.18290729820728302,0.00014426728012040257,0.1699577271938324,0.0038648906629532576,0.9155197143554688,0.07175914198160172,0.928875744342804,0.9844601154327393,0.9496064782142639,0.16776585578918457,0.212928906083107,0.20294003188610077,0.0017895125783979893,0.9055348038673401,0.09758853912353516,0.9212679862976074,0.9855812788009644
65,0.9351849555969238,0.16141827404499054,0.17159980535507202,0.00014011748135089874,0.16669730842113495,0.0037686836440116167,0.9171550869941711,0.0716031938791275,0.9301806688308716,0.9844914078712463,0.949009120464325,0.16822662949562073,0.2014043778181076,0.19893071055412292,0.0017867295537143946,0.9068770408630371,0.09632489830255508,0.9223030805587769,0.9855321049690247
66,0.9345809817314148,0.16152647137641907,0.17433014512062073,0.00013597570068668574,0.16771553456783295,0.0037362987641245127,0.9171861410140991,0.07193882018327713,0.9301729202270508,0.9843559861183167,0.9487177133560181,0.16909343004226685,0.2003338783979416,0.2002723515033722,0.0017101498087868094,0.9059573411941528,0.09775076061487198,0.9215611219406128,0.9854100346565247
67,0.9346001148223877,0.16159400343894958,0.17836157977581024,0.00013184515410102904,0.16780617833137512,0.003788428846746683,0.9155138731002808,0.07094909995794296,0.9288512468338013,0.9843676686286926,0.9490695595741272,0.16919000446796417,0.19555817544460297,0.19975575804710388,0.0017288865055888891,0.9058566093444824,0.09838037192821503,0.9215636253356934,0.9857253432273865
68,0.9363704919815063,0.1594427525997162,0.16626067459583282,0.00012772902846336365,0.1622515767812729,0.0036355622578412294,0.9193446636199951,0.06921807676553726,0.9320201873779297,0.9848835468292236,0.9494175910949707,0.16903328895568848,0.21318180859088898,0.2079521268606186,0.0017104585422202945,0.9029457569122314,0.10223624855279922,0.9191509485244751,0.9852376580238342
69,0.9358382225036621,0.1596231311559677,0.1604880541563034,0.00012363049609120935,0.15864643454551697,0.0035439524799585342,0.9197990894317627,0.06709349900484085,0.9323333501815796,0.9847996234893799,0.9502615332603455,0.16776561737060547,0.22163738310337067,0.2078174501657486,0.001718000159598887,0.9054462313652039,0.10036036372184753,0.9212290644645691,0.9856711626052856
70,0.936509907245636,0.15904070436954498,0.16711753606796265,0.00011955273657804355,0.16385731101036072,0.0035963784903287888,0.9155831933021545,0.07076924294233322,0.9289882779121399,0.9845997095108032,0.9496243596076965,0.1685573011636734,0.21023254096508026,0.20700401067733765,0.0016803133767098188,0.903438150882721,0.10219831019639969,0.919572651386261,0.9853993058204651
71,0.9369049668312073,0.158660426735878,0.17083612084388733,0.00011549888586159796,0.163872629404068,0.0036034302320331335,0.9198693633079529,0.06996183097362518,0.932376503944397,0.9846488833427429,0.9493810534477234,0.16882748901844025,0.19494390487670898,0.20251546800136566,0.0016481652855873108,0.904410183429718,0.10148312151432037,0.9203479886054993,0.985442042350769
72,0.9373306632041931,0.158016636967659,0.16024166345596313,0.00011147209443151951,0.15873637795448303,0.0035586177837103605,0.9196031093597412,0.06771250814199448,0.9322491884231567,0.984968364238739,0.9493683576583862,0.16911563277244568,0.21161925792694092,0.2064436972141266,0.001652026898227632,0.9031870365142822,0.10115214437246323,0.9193572998046875,0.9853320121765137
73,0.9371267557144165,0.1582326740026474,0.16268879175186157,0.00010747546912170947,0.15965573489665985,0.0035591900814324617,0.9195504188537598,0.06795457750558853,0.9321752786636353,0.9848674535751343,0.9499886631965637,0.16802029311656952,0.20781326293945312,0.20635691285133362,0.0016570137813687325,0.9032718539237976,0.10234034061431885,0.9194141626358032,0.985276460647583
74,0.9377893209457397,0.15686427056789398,0.15382210910320282,0.00010351209493819624,0.1548924744129181,0.0034348524641245604,0.9212608933448792,0.06594284623861313,0.9336004257202148,0.9851424694061279,0.9500777125358582,0.16858609020709991,0.20799767971038818,0.20934215188026428,0.0016590257873758674,0.8982441425323486,0.10510791093111038,0.9153038859367371,0.9847553968429565
75,0.9380757212638855,0.15704193711280823,0.1540757119655609,9.958503505913541e-05,0.15611429512500763,0.0034602421801537275,0.9223535060882568,0.06702258437871933,0.9344652891159058,0.9851593971252441,0.9488563537597656,0.16960711777210236,0.2146870195865631,0.21107184886932373,0.0016643957933411002,0.8971854448318481,0.10485372692346573,0.9144665598869324,0.9847542643547058
76,0.9383226037025452,0.1564168632030487,0.1523701399564743,9.569732355885208e-05,0.15520957112312317,0.0033781002275645733,0.9206966161727905,0.06681368499994278,0.9331520199775696,0.9851090908050537,0.9493463635444641,0.1692587286233902,0.21672770380973816,0.21242859959602356,0.0016200424870476127,0.9005876779556274,0.10584896802902222,0.917136549949646,0.984663188457489
77,0.9395591020584106,0.15565970540046692,0.1465829610824585,9.185197268379852e-05,0.1517873853445053,0.0032936441712081432,0.9235528707504272,0.06515000015497208,0.9354771375656128,0.9854050874710083,0.9500910639762878,0.1682230532169342,0.21096234023571014,0.20546424388885498,0.0015931392554193735,0.9042012691497803,0.10066360980272293,0.9201433062553406,0.9851697087287903
78,0.9397884607315063,0.15490928292274475,0.14758144319057465,8.805195102468133e-05,0.1504991352558136,0.00339690875262022,0.9242599606513977,0.06373395025730133,0.9360302090644836,0.9854419231414795,0.9504409432411194,0.16754376888275146,0.21283315122127533,0.2049751877784729,0.0015880782157182693,0.9040733575820923,0.09991563856601715,0.9200862646102905,0.9853586554527283
79,0.9401629567146301,0.15423299372196198,0.15169137716293335,8.430019079241902e-05,0.15250709652900696,0.003284997073933482,0.9221032857894897,0.06502927094697952,0.9343229532241821,0.9853657484054565,0.9508986473083496,0.1672499030828476,0.20222365856170654,0.20021265745162964,0.001589885912835598,0.9068171977996826,0.0978919267654419,0.9222887754440308,0.9855064749717712
80,0.9403262734413147,0.15402838587760925,0.14931733906269073,8.059959509409964e-05,0.1502872258424759,0.0032389143016189337,0.9253333806991577,0.06351064145565033,0.9369470477104187,0.9856685400009155,0.9506913423538208,0.16845373809337616,0.20532941818237305,0.20367056131362915,0.0015649584820494056,0.9052796959877014,0.10023719072341919,0.9210618734359741,0.9855156540870667
81,0.9407212734222412,0.15465034544467926,0.15392617881298065,7.695303065702319e-05,0.15279816091060638,0.0032900460064411163,0.9244000315666199,0.06463132053613663,0.9361942410469055,0.985583484172821,0.9506164193153381,0.1676883101463318,0.2174588143825531,0.20768548548221588,0.0015659462660551071,0.9000768661499023,0.1014484316110611,0.9168612360954285,0.9852488040924072
82,0.940796971321106,0.15361371636390686,0.1443149447441101,7.336330600082874e-05,0.14887389540672302,0.0031623877584934235,0.922594428062439,0.06354890018701553,0.9347407221794128,0.9855089783668518,0.9509439468383789,0.16797387599945068,0.21728277206420898,0.2081044614315033,0.0015617068856954575,0.903855562210083,0.10183005034923553,0.919900119304657,0.9852933287620544
83,0.9419439435005188,0.1523827463388443,0.142597958445549,6.98331932653673e-05,0.14766845107078552,0.0032215428072959185,0.925961434841156,0.06308265030384064,0.9374797940254211,0.9858237504959106,0.9502624869346619,0.1682654470205307,0.22313332557678223,0.20873641967773438,0.0015600825427100062,0.9043883085250854,0.10091335326433182,0.9203397631645203,0.9853365421295166
84,0.9423283338546753,0.1523488163948059,0.14123697578907013,6.636543548665941e-05,0.14728575944900513,0.003142234403640032,0.9250692129135132,0.06312966346740723,0.9367637634277344,0.9857400059700012,0.9509376287460327,0.16830232739448547,0.21160688996315002,0.908154034272041,0.9465923703386198,0.9711143183228002,0.8265637715387044,0.9217797812839135,0.9727777288344639,0.8265637715387044,0.20297367870807648,0.0015460452996194363,0.9070203900337219,0.09803520888090134,0.9225409626960754,0.9858066439628601
85,0.9421694278717041,0.15181946754455566,0.1383204311132431,6.296270294114947e-05,0.14481748640537262,0.0031570387072861195,0.9268504977226257,0.061534371227025986,0.9382038116455078,0.9858968257904053,0.950477659702301,0.16900695860385895,0.21431192755699158,nan,nan,nan,nan,nan,nan,nan,0.20493021607398987,0.0015360270626842976,0.9066923260688782,0.09911414980888367,0.9222441911697388,0.9856846928596497
86,0.9425765872001648,0.15141227841377258,0.13982023298740387,5.9627622249536216e-05,0.14594286680221558,0.003131045261397958,0.9270322322845459,0.06243301182985306,0.9383462071418762,0.9858860373497009,0.9509375095367432,0.16761597990989685,0.22484710812568665,nan,nan,nan,nan,nan,nan,nan,0.20679496228694916,0.0015373254427686334,0.9053530693054199,0.09876102954149246,0.9211336374282837,0.9854910969734192
87,0.9424940943717957,0.1518711894750595,0.1379149854183197,5.636277637677267e-05,0.14541049301624298,0.003126756753772497,0.9258295893669128,0.062243565917015076,0.9373705983161926,0.9857408404350281,0.951347291469574,0.1672735959291458,0.22114217281341553,nan,nan,nan,nan,nan,nan,nan,0.2057787925004959,0.0015501243760809302,0.9062199592590332,0.09876103699207306,0.9218751192092896,0.985662579536438
88,0.9431307911872864,0.15102611482143402,0.13466712832450867,5.317069008015096e-05,0.14306539297103882,0.003106427611783147,0.9263701438903809,0.060984306037425995,0.937841534614563,0.985929548740387,0.951221227645874,0.1675531268119812,0.22950521111488342,nan,nan,nan,nan,nan,nan,nan,0.20777252316474915,0.0015318997902795672,0.9072325825691223,0.09859830141067505,0.922711193561554,0.9858214259147644
89,0.9429767727851868,0.1512044072151184,0.131818950176239,5.005382627132349e-05,0.1432340443134308,0.0030605981592088938,0.9273427128791809,0.06185740977525711,0.9386199116706848,0.9859874844551086,0.9512736797332764,0.16758479177951813,0.21793068945407867,0.9073709210933972,0.9488204202655666,0.971842997200862,0.8294530239394111,0.9261744966442953,0.97260153290459,0.8294530239394111,0.20419275760650635,0.0015206923708319664,0.9078069925308228,0.09791401028633118,0.9231694340705872,0.9858611822128296
90,0.9436805248260498,0.15048138797283173,0.13950233161449432,4.701459693023935e-05,0.14411719143390656,0.0030435186345130205,0.9273092746734619,0.06105338782072067,0.9385936856269836,0.9859678745269775,0.9509689211845398,0.1683758944272995,0.22138285636901855,nan,nan,nan,nan,nan,nan,nan,0.20562870800495148,0.0015021759318187833,0.9077606201171875,0.09826814383268356,0.9231254458427429,0.9858038425445557
91,0.9443069696426392,0.149667888879776,0.1345035582780838,4.405534855322912e-05,0.14195890724658966,0.0029874099418520927,0.9286251664161682,0.06044541671872139,0.9396892786026001,0.9862016439437866,0.95119708776474,0.16809867322444916,0.22197288274765015,nan,nan,nan,nan,nan,nan,nan,0.20523612201213837,0.0015169711550697684,0.9073475003242493,0.09779645502567291,0.9227706789970398,0.9857507348060608
92,0.9440168738365173,0.14997929334640503,0.13312281668186188,4.117836942896247e-05,0.14174851775169373,0.0030197163578122854,0.926906943321228,0.06045432388782501,0.9382891654968262,0.9860541224479675,0.9514840245246887,0.16757069528102875,0.2408457100391388,nan,nan,nan,nan,nan,nan,nan,0.20992302894592285,0.0015016990946605802,0.906600832939148,0.09793873131275177,0.9221650958061218,0.9856846928596497
93,0.9447548389434814,0.14926357567310333,0.1288701295852661,3.838588600046933e-05,0.13901208341121674,0.0028838887810707092,0.9303955435752869,0.059131596237421036,0.9411126971244812,0.9863302111625671,0.9514809846878052,0.16774079203605652,0.23369380831718445,nan,nan,nan,nan,nan,nan,nan,0.20847107470035553,0.0014949542237445712,0.9069038033485413,0.09823020547628403,0.9224170446395874,0.9856844544410706
94,0.9443174600601196,0.1496969312429428,0.131709024310112,3.5680051951203495e-05,0.14113277196884155,0.003021351993083954,0.9282368421554565,0.06027497351169586,0.9393627047538757,0.9861302971839905,0.9519748091697693,0.1668063849210739,0.22292084991931915,0.9085060414729647,0.949653897416054,0.9718358849138017,0.8295663108727283,0.9274437353039973,0.972953924764338,0.8295663108727283,0.2054385542869568,0.001499571488238871,0.9073598980903625,0.09816677123308182,0.922815203666687,0.9858325123786926
95,0.9445244073867798,0.14928534626960754,0.13217413425445557,3.306296275695786e-05,0.14084382355213165,0.0028923815116286278,0.9297003746032715,0.060122303664684296,0.9405624270439148,0.9863342642784119,0.9520362615585327,0.16660356521606445,0.216446653008461,nan,nan,nan,nan,nan,nan,nan,0.2033555656671524,0.0015023123705759645,0.9069707989692688,0.09776041656732559,0.9224952459335327,0.9857768416404724
96,0.9449033737182617,0.14850741624832153,0.12268083542585373,3.0536633857991546e-05,0.13643324375152588,0.0029046921990811825,0.9286621809005737,0.05830647423863411,0.9397441148757935,0.986351490020752,0.9522060751914978,0.16682696342468262,0.235527902841568,nan,nan,nan,nan,nan,nan,nan,0.20916059613227844,0.0014919269597157836,0.9071483612060547,0.09873858839273453,0.9226311445236206,0.9857629537582397
97,0.9444873332977295,0.148599311709404,0.12463726103305817,2.8103027943870984e-05,0.137875497341156,0.002885526977479458,0.9296092987060547,0.05925079062581062,0.9404999613761902,0.9863201975822449,0.9517529606819153,0.1673111617565155,0.23037469387054443,nan,nan,nan,nan,nan,nan,nan,0.20788924396038055,0.001499623991549015,0.9070475101470947,0.09860248118638992,0.9225232005119324,0.9856691956520081
98,0.9449706077575684,0.14855188131332397,0.12711146473884583,2.5764018573681824e-05,0.138166606426239,0.002880482003092766,0.9301794767379761,0.05894240736961365,0.940937876701355,0.9863093495368958,0.9517946839332581,0.16726583242416382,0.20656844973564148,nan,nan,nan,nan,nan,nan,nan,0.20075511932373047,0.0015005957102403045,0.9078255891799927,0.09743262827396393,0.9231635928153992,0.9858156442642212
99,0.9460856318473816,0.1474091112613678,0.1262253373861313,2.3521415641880594e-05,0.13768982887268066,0.0028237299993634224,0.930418848991394,0.059086818248033524,0.9411775469779968,0.9864886999130249,0.9523331522941589,0.16626885533332825,0.21044108271598816,0.908026774193217,0.9500989417534199,0.9725334859688917,0.828392376920509,0.9283732660781842,0.9728658267994009,0.828392376920509,0.2015857696533203,0.001489043701440096,0.908082127571106,0.09760569036006927,0.923378586769104,0.9858672022819519
100,0.9459777474403381,0.14700046181678772,0.12302111834287643,2.1376954464358278e-05,0.13494901359081268,0.002877369988709688,0.930991530418396,0.05721620097756386,0.9416180849075317,0.9864338040351868,0.9523563981056213,0.16648556292057037,0.2095344364643097,nan,nan,nan,nan,nan,nan,nan,0.20111799240112305,0.0014830175787210464,0.9065106511116028,0.09730570763349533,0.9221081733703613,0.9858012795448303
101,0.9465660452842712,0.14655566215515137,0.12259658426046371,1.9332288502482697e-05,0.13765163719654083,0.0028018110897392035,0.9291018843650818,0.0602337121963501,0.9401553869247437,0.9864779710769653,0.9524691104888916,0.16604673862457275,0.19989687204360962,nan,nan,nan,nan,nan,nan,nan,0.1977900266647339,0.0014765028608962893,0.9073506593704224,0.09652528166770935,0.9227875471115112,0.9858510494232178
102,0.9470936059951782,0.14638827741146088,0.12213443964719772,1.738900027703494e-05,0.13495364785194397,0.002773498184978962,0.9312492609024048,0.05773015320301056,0.941893458366394,0.9867041707038879,0.9525280594825745,0.16610808670520782,0.19926412403583527,nan,nan,nan,nan,nan,nan,nan,0.19844670593738556,0.001473739161156118,0.9081631898880005,0.09732457995414734,0.9234471321105957,0.9858828186988831
103,0.9464066624641418,0.14655949175357819,0.11924917250871658,1.554859227326233e-05,0.13460227847099304,0.0027573606930673122,0.9304351210594177,0.05806468054652214,0.9412188529968262,0.9865525364875793,0.9524056315422058,0.16639254987239838,0.20764772593975067,nan,nan,nan,nan,nan,nan,nan,0.2011798918247223,0.001476553617976606,0.9073943495750427,0.09787356853485107,0.9228099584579468,0.9857878684997559
104,0.9464737176895142,0.1469838172197342,0.12552276253700256,1.3812486031383742e-05,0.13704954087734222,0.00289409258402884,0.9294677376747131,0.05867987126111984,0.9403617978096008,0.9862572550773621,0.951960563659668,0.16719670593738556,0.20229560136795044,0.9075463490146023,0.9476259981111016,0.9710174248636172,0.8270729716639165,0.9241396634011555,0.9723372390097789,0.8270729716639165,0.19969820976257324,0.0014809209387749434,0.9075444936752319,0.09748436510562897,0.922929584980011,0.9857733249664307
105,0.9469367861747742,0.14636528491973877,0.12245025485754013,1.218202305608429e-05,0.13524290919303894,0.0028262643609195948,0.9309165477752686,0.05789453163743019,0.9415870904922485,0.9865362644195557,0.9521017670631409,0.16730186343193054,0.20610502362251282,nan,nan,nan,nan,nan,nan,nan,0.2010931670665741,0.0014827157137915492,0.90749192237854,0.09789374470710754,0.9228965640068054,0.985785186290741
106,0.9475386738777161,0.14537127315998077,0.11661384999752045,1.0658464816515334e-05,0.13324208557605743,0.0027207164093852043,0.9316483736038208,0.05775655061006546,0.9422105550765991,0.9867235422134399,0.9520612359046936,0.16753454506397247,0.2108106017112732,nan,nan,nan,nan,nan,nan,nan,0.20291878283023834,0.0014902418479323387,0.906937837600708,0.0984654352068901,0.922446608543396,0.985754668712616
107,0.9470412135124207,0.14612281322479248,0.11712629348039627,9.242987289326265e-06,0.1326553076505661,0.002746843732893467,0.9323225021362305,0.056789908558130264,0.9427133798599243,0.9866228699684143,0.9522910714149475,0.1671885848045349,0.2118687629699707,nan,nan,nan,nan,nan,nan,nan,0.20249637961387634,0.001475836499594152,0.9081122875213623,0.09789671748876572,0.9233996272087097,0.9858253002166748
108,0.9471455812454224,0.1462305635213852,0.1180170401930809,7.93668550613802e-06,0.13343510031700134,0.0027753827162086964,0.9313194155693054,0.0572863332927227,0.9419151544570923,0.9865702986717224,0.9523060321807861,0.1670057475566864,0.2114010751247406,nan,nan,nan,nan,nan,nan,nan,0.20237742364406586,0.0014791913563385606,0.9084724187850952,0.09794625639915466,0.923674464225769,0.985833466053009
109,0.9471465349197388,0.1459326595067978,0.11784809827804565,6.7405685513222124e-06,0.1330229789018631,0.002803254406899214,0.9322195649147034,0.0569780133664608,0.9426617622375488,0.9867250919342041,0.9523841738700867,0.16683414578437805,0.21283669769763947,0.9080521476344896,0.9497293116782676,0.9739730148583289,0.830600669849032,0.9269479157930051,0.9736587084838341,0.830600669849032,0.20280782878398895,0.0014713382115587592,0.9080129265785217,0.09807701408863068,0.923302948474884,0.985791027545929
110,0.947099506855011,0.14618688821792603,0.11764433979988098,5.655561380990548e-06,0.13358522951602936,0.0027563597541302443,0.9308303594589233,0.05756155028939247,0.9415199160575867,0.9865551590919495,0.952559769153595,0.1662248969078064,0.20803216099739075,nan,nan,nan,nan,nan,nan,nan,0.20140071213245392,0.001476282486692071,0.9080097675323486,0.09804889559745789,0.9233212471008301,0.9858524203300476
111,0.9470177292823792,0.1464053839445114,0.11719626188278198,4.68250209451071e-06,0.13289089500904083,0.0027764360420405865,0.9310299158096313,0.05689360946416855,0.9416826367378235,0.9865707755088806,0.9525934457778931,0.16656139492988586,0.21007968485355377,nan,nan,nan,nan,nan,nan,nan,0.20204421877861023,0.0014765032101422548,0.9080684781074524,0.09807929396629333,0.9233768582344055,0.9858754873275757
112,0.9470962285995483,0.14626333117485046,0.1253378689289093,3.822142844001064e-06,0.13565292954444885,0.002798742614686489,0.9296707510948181,0.05764053389430046,0.9405933618545532,0.9864934682846069,0.9524869918823242,0.1669880449771881,0.21240076422691345,nan,nan,nan,nan,nan,nan,nan,0.2032051831483841,0.0014695734716951847,0.9079751372337341,0.09853903949260712,0.9232959747314453,0.9858526587486267
113,0.9472099542617798,0.14590446650981903,0.11814053356647491,3.0751489248359576e-06,0.13243672251701355,0.0027642410714179277,0.9326367378234863,0.056366097182035446,0.9429827928543091,0.9867043495178223,0.95245361328125,0.16691270470619202,0.2110571265220642,nan,nan,nan,nan,nan,nan,nan,0.20223546028137207,0.0014629511861130595,0.9081074595451355,0.09793441742658615,0.9234033823013306,0.985856831073761
114,0.946806788444519,0.14565403759479523,0.12551896274089813,2.4420974114036653e-06,0.13539478182792664,0.0027422686107456684,0.931401252746582,0.05757667496800423,0.941988468170166,0.9866065979003906,0.9524760246276855,0.1668967604637146,0.2098860889673233,0.908452626202989,0.9511764958919431,0.973314941419992,0.829523123856408,0.9293880295897781,0.9740111003435821,0.829523123856408,0.20201072096824646,0.0014589030761271715,0.9080240726470947,0.09801124036312103,0.9233330488204956,0.9858415722846985
115,0.947442352771759,0.14560088515281677,0.11974358558654785,1.923477611853741e-06,0.13334305584430695,0.002736317692324519,0.9317549467086792,0.05699067562818527,0.9422820210456848,0.9866942167282104,0.952549397945404,0.16673126816749573,0.2073742002248764,nan,nan,nan,nan,nan,nan,nan,0.20126628875732422,0.0014610178768634796,0.9081910848617554,0.09794231504201889,0.9234716296195984,0.9858617186546326
116,0.9482622742652893,0.14490948617458344,0.11752030998468399,1.519690499662829e-06,0.13276904821395874,0.0026727975346148014,0.9309103488922119,0.05724319815635681,0.9416621327400208,0.9868104457855225,0.9525983333587646,0.16668376326560974,0.2066344916820526,nan,nan,nan,nan,nan,nan,nan,0.2012028992176056,0.0014626028714701533,0.9083179235458374,0.09807639569044113,0.9235743284225464,0.9858823418617249
117,0.9469499588012695,0.14637233316898346,0.12011503428220749,1.2310479178267997e-06,0.133907750248909,0.0027197462040930986,0.9322406649589539,0.057247456163167953,0.9426599740982056,0.9866614937782288,0.9525488018989563,0.16666585206985474,0.2071985900402069,nan,nan,nan,nan,nan,nan,nan,0.2012055367231369,0.0014634948456659913,0.9082682132720947,0.09794250130653381,0.9235324859619141,0.9858725666999817
118,0.9469352960586548,0.1456279754638672,0.11796508729457855,1.057773147294938e-06,0.13306833803653717,0.0026954347267746925,0.9315524101257324,0.057193346321582794,0.9421154260635376,0.9866284132003784,0.9524425864219666,0.16680099070072174,0.20862767100334167,nan,nan,nan,nan,nan,nan,nan,0.2018136829137802,0.0014659133739769459,0.9080874919891357,0.09815047681331635,0.9233810305595398,0.9858426451683044
119,0.9469103217124939,0.14595647156238556,0.11672937124967575,9.999999974752427e-07,0.13236844539642334,0.0026906891725957394,0.9318907856941223,0.0567084364593029,0.9423879384994507,0.9866782426834106,0.9524960517883301,0.16675813496112823,0.20793895423412323,0.9086660316745072,0.9499419928672711,0.9730325321964101,0.8301394900811114,0.9271934239221608,0.973834904413708,0.8301394900811114,0.20144100487232208,0.0014645695919170976,0.908342719078064,0.09796427935361862,0.9235910177230835,0.9858739972114563
